Mino Games,,,@MinoGamesInc,6186
Web3Wiz ğŸª¡,,,@Web3Wiz,135
Web3 Savant ğŸ§ ,,,@Web3_Savant,91
ole.eth,,,@oledoteth,574
Spencer Tucker,,,@EverydayZukini,3082
Animoca Digital Research,,,@animocaresearch,666
Quetzal ğŸ¦œ,,,@0xQuetzal,627
Revelo Intel,,,@ReveloIntel,5867
Fâ‚¬tidRifeÂ®,,,@Fetidrife,221
R3NLT,,,@Renault_NFT,24032
Pat,,,@patduds,305
A L E C O Â®,,,@PendingETH,15217
Nouns Builder,,,@nounsbuilder,2807
Futureverse,,,@futureverse,7293
Grapper,,,@Grappeeer,1411
The Cultural Tutor,,,@culturaltutor,950299
murmurs,,,@murmurs_xyz,2173
OM,,,@OM100m,16254
GameFi Guide ğŸ§™â€â™‚ï¸,,,@GamefiGuide,1553
MinisterOfNFTs ğŸ”®,,,@MinisterOfNFTs,45124
